Name,PhoneNumber
Michelle Taylor,001-538-501-6624x712
Frank Blackburn,7919031904
Daniel Hodges,(829)346-4079x34841
Peter Smith,276.691.5393
Stacy Ward,827-950-3702
Antonio Petersen,852-475-4946x7475
Johnathan Robinson,+1-461-926-8751x37947
Joshua Marshall,001-521-930-8725x12915
Amber Webb,001-238-654-8746x3802
John Hamilton,778-895-8473
Christina Warren,281-536-7944
David Rivera,731.908.7267x47319
Deborah Martin,(609)819-1588x9886
Laura Phillips,8517319658
Mike Mitchell,784.796.1175
Christine Nichols,628-746-2723x40916
Michael Paul,480-901-9702
Ms. Kayla Harrington,001-593-298-6933x383
Michael Horn,+1-757-755-0563x273
George Hernandez,(413)440-5586
Andrew Lee,+1-521-522-9489x2502
Jacob Garcia,+1-740-464-0445
Jasmine Patterson,+1-381-487-8395x53772
Michael Mcintyre,+1-460-491-8418x2701
Amy Collier,(608)374-4780x58595
Matthew Berry,+1-862-702-0705x59664
Jennifer Frazier,833-555-1062x210
Jennifer Patel,+1-813-333-4708x3116
Tracey Thomas,879-630-0510
Dana Walker,+1-534-727-5212x535
Brian Hansen,6402869219
Michael Sparks,742-327-0822x4903
Patrick King,7087094245
Eric Grant,517-696-6789x61198
Lisa Adams,+1-685-505-5397x232
Cassandra Moore,(931)709-9861
Erin Bright,851.474.4286
David Hall,239-520-7262x6389
Arthur Allen,001-515-242-1962x4128
Wayne Stokes,(797)391-9661
Amy Jones,001-492-498-1167x42598
Richard Valentine,767.854.2377
Victoria Sheppard,001-496-533-1811x2298
Robert Smith,(923)638-1943x196
Roy Ellis,4678333730
Michael Cardenas,+1-761-558-8041x487
Shannon Richardson,001-968-928-4671
Destiny Fischer,001-943-361-0459x0054
Anita Sharp,001-672-698-9638
Jasmine Mccall,(750)337-5408x8957
John 'Apex' Doe,6617981665
Sarah 'Crypto' Connor,+1-419-497-7239x86319
The Broker,3327676502
